PIDN,Ca,P,pH,SOC,Sand
09gt9UK5,-0.354147658621,-0.127632719468,-0.434839635442,-0.63487555682,1.16445397178
0BVvxJ6a,0.144355822649,0.386971387297,0.276982262607,0.121492934469,-0.847968913944
0KbdgApg,0.0724212637045,-0.164501599797,0.21736127175,0.0628754298308,-0.308332036428
0MnuuduB,0.00822274795474,-0.169184887823,0.0567166050385,1.29357408535,-1.098484869
0PcIsF9z,-0.441782827402,-0.122537681919,-0.772706252379,0.0569271948141,0.433841217132
0ShTFLYJ,-0.277959500042,-0.045010879595,0.214750231977,-0.514350630301,0.80672442132
0XZh9jka,0.373252829459,1.01688385054,-1.00575875039,1.62952029277,-0.570427405305
0Y7Wegri,-0.26719280368,1.14708418369,0.574669668081,-0.325998114544,0.0983370719953
0dTqplIM,0.0159756297518,-0.205633811839,0.393909681791,0.467276704934,-0.558218414682
0lNiZicC,-0.215644235006,-0.15406388663,0.129276258226,-0.582002797364,-0.376531879718
0rGeJ0QN,-0.292271627066,0.737022394921,-0.1104976895,-0.308518384146,0.768104279242
0sXI9ytQ,-0.404568287472,0.0901750039231,0.211108920249,-0.65387984469,1.46373689482
0ukt4aP6,0.0640286750338,0.0247998509959,0.984677823632,-0.508519938004,-0.662370742405
1AGspb8f,-0.287933690732,-0.25578890202,-0.510391675476,0.144118344715,-0.630571250311
1Csy0gvE,-0.427479136883,-0.212508227176,-0.184862260888,-0.582866064169,0.420235684416
1Ic2hly1,-0.358544708157,0.343727875785,-0.243660633524,-0.187854036225,0.436079984934
1PPbaTwt,-0.276120323408,-0.294864955669,-0.229347468208,-0.377569935271,0.0901493816322
1SO5VJNy,-0.430980879764,-0.086010884,-0.18411552317,-0.520808638613,0.840636083671
1arHxK3Y,0.293251863442,0.105385774168,1.56481540788,0.48723110063,-0.235916798767
1fCW4Bba,-0.195468790173,0.00296051096157,0.410704677422,-0.289241172887,0.260604531399
1qDZNvIm,-0.424758091171,-0.0590256848845,-0.321579007361,-0.652658988437,0.926695498196
28LYJC2V,-0.402024708677,-0.18912591856,-0.822363935188,0.447762122631,-0.509887387159
2CzACvQq,0.348067078896,2.19571760677,1.80688688417,1.59404963391,-0.619998513944
2FT3crfv,-0.137737919695,-0.186187065895,-0.0575379624276,0.260088390141,-0.587234148629
2Fy2uHVg,-0.433058303967,-0.00838419160977,-0.438128420258,-0.423750541747,-0.392508273881
2MkMEApm,-0.363568149716,0.275524203782,0.24421567036,-0.550985803764,0.9191677995
2NDGWEOe,0.32678580872,1.1154023238,1.405094433,-0.363816606565,-0.538240042954
2NyyCiqn,-0.440907146605,-0.0984198141392,-0.174728218685,-0.510988441598,0.691307289724
2QRzIb84,0.0589748724644,1.01367371073,1.94256110777,-0.390352432726,0.185593061185
2QcbdrUZ,-0.304144862073,0.262153388149,0.0913201583951,-0.531638883122,0.205174479704
2YgAimWK,-0.316305596952,0.402145951904,0.374264726671,-0.471624075177,0.381316407824
2cx85d9H,0.143512671178,-0.159413736014,0.149469090223,0.0303094865835,-0.619801392798
2homMXMV,-0.379499906615,-0.0684075741243,-0.679254232292,-0.146599963548,0.645239385042
2ldLrUtq,-0.321986338675,-0.235178554738,-0.292978409782,-0.160807433529,-0.553558133512
2nsACW6G,-0.36356431373,0.215530176239,-0.948555414965,1.12958661855,-0.655106698691
2yMbVnWc,-0.219933815558,0.496680174223,0.0167470508406,1.43945381059,0.00901180813921
36r8sgGQ,-0.437738001093,-0.154088704103,-0.239278447741,-0.659794162881,0.832680119737
3NXAXCl3,-0.399280336963,-0.185627829496,-1.09998894319,0.657497385376,-0.499224369062
3QG0z6fl,-0.273431141563,-0.275663512237,-0.122123714162,-0.617976260675,-0.0401096360148
3WS8R9qm,-0.294434388914,0.686934439946,-0.919207009949,2.84100303853,-0.592244924351
3fRLm8f5,-0.431723020584,-0.139063998606,-0.733554604324,-0.0345768896369,0.494226436358
3mZhp1nQ,-0.377024315092,-0.172565332881,0.171997603151,-0.510848909932,0.35927872238
3pikJXRL,-0.381642474582,0.0181660077489,-1.0866667064,0.603152355451,-0.455108319451
3pxOEGHL,-0.428742780965,-0.128194975397,-0.244314213295,-0.655836680348,0.545068671296
3ttdV3f5,-0.247692384961,1.92627001739,-0.160144970807,-0.0506468396984,-0.549854389104
3v4X6Mfe,0.425587316997,-0.212441930611,1.29291317698,-0.385169628708,-0.571094146763
3wORuPiv,-0.362498548856,-0.203852803485,-0.417413051705,-0.0215398532971,-0.768065222836
43EfrxZj,-0.0222011148093,-0.20974900207,0.168785169987,0.512812848107,-0.776126743113
457Vwm21,0.0843992146309,0.103413162331,0.362442267848,0.241159763189,-0.361616766758
46KNnOdx,-0.472975439054,-0.0937317905069,-1.03672586255,-0.100807149507,0.0230476851635
47TwNsVC,-0.354321702907,0.308230659494,-1.0837349563,2.06475147455,-0.630461694223
49856RpO,-0.358822433208,-0.28101067822,-0.922716646196,0.0559006248983,-0.343210042004
4Ane1o2N,-0.374035988053,-0.264829463421,0.16349338277,-0.476510887544,0.162735767293
4AyVUgSc,-0.24713601602,0.0177615440632,0.294441688765,-0.451193185549,0.649532142996
4B1951On,-0.17233696302,-0.116651900249,0.265288638643,-0.188803160936,0.0395884786719
4OL39Teo,0.0604537171258,0.153518391198,0.355964642003,0.298786031536,-0.457492703341
4eQ90eLY,-0.0599530488113,-0.153989750034,-0.0919410404982,0.38075096893,-0.615692232854
4o5jwMj8,-0.356182911492,-0.0970108560745,-0.144239922178,-0.572990808146,0.250207855031
4vPgpl2c,-0.299969901389,-0.240621745301,-0.36708512091,-0.611635193772,0.526204878236
51r9aA0d,-0.2524300427,0.302892425994,0.333002280556,-0.568886762276,0.392177112631
58SmeRoP,-0.325259843884,0.00813236703561,-0.347992661351,0.199677172882,-0.279151063408
5HJp1AXn,-0.389577941547,-0.1003309604,-0.825884667784,0.315243304502,-0.343141186059
5MBZW7fx,0.0581458843314,-0.123591475629,0.924118196179,-0.318495424752,-0.608022595565
5Nq3gHaP,0.128207056102,0.293899776597,0.442207769983,0.620175119905,-0.747521862786
5RmwFFK3,0.215470797946,0.290856759995,0.146718209419,0.302204760389,-1.02734869884
5Tu5Jbov,-0.417859747647,-0.0626607191052,-0.619713956934,-0.142975649088,-0.447532430506
5YEolkev,-0.313041928063,-0.320339844816,-0.0218266706178,-0.314675486557,-0.4437151268
5a8sf6QV,-0.00764641427269,0.0441575081239,0.405455638028,0.100455215997,-0.802152117154
5eSvmqYm,-0.407649482727,-0.125668983978,-0.142741092879,-0.293780294807,-0.498060951034
5hkN8fiv,-0.31399639511,-0.218844161637,-0.869483043951,0.57469195005,-0.448820125831
5oK8Gti5,-0.369520899589,-0.0109662915941,-0.465888535334,-0.47472090345,1.18464521688
5paniGaU,-0.486320357297,0.113738989983,-0.306587369772,-0.66955056729,1.07189439683
5vsr7ZUP,0.139835609181,-0.115128743125,0.0665660169474,-0.0988039276436,-0.39287474982
60B4xMWI,-0.105996743489,1.31588103056,1.3366448123,-0.546042819091,0.38454193964
64jOUtKy,0.281626429161,0.599823120077,0.324134767187,0.483510218192,-0.981390135406
6AJo4xNG,-0.380894737116,-0.015412834753,-0.319371070799,0.0599976735932,-0.032743279065
6CAvhEte,-0.292412577545,-0.194590507793,-0.244599150647,-0.346700513315,0.217604352777
6CuGYjT5,1.73003617152,0.537949235039,1.56137160861,0.834861798724,-1.00094197257
6DGH8ujZ,-0.404134436766,-0.241588358165,-0.865885103721,0.147329057727,-0.306935068689
6PzsGdVm,-0.400482536472,-0.05761251772,-0.977267254789,0.359205917253,-0.23907971109
6UcSJMbq,0.0300910229997,0.886028734217,1.52384690175,-0.373028936743,0.11991678187
6WJbkH8U,0.793544615527,0.175738625227,1.43621748808,-0.13698724762,-0.94911348941
6eUWsVzw,0.193903441658,0.0517795234745,0.188567216388,-0.0344688636835,-0.751898335959
6gNyO7Do,0.112786709744,-0.15877451719,0.149429273015,0.0839493857544,-0.170323521246
6jT0AyHe,-1.51349301733e-05,-0.00441516473766,0.123438899574,0.332068924678,-0.750202142022
6nBgCvWu,-0.39803587973,0.407013365176,0.0879772918023,-0.45871363374,0.125118426891
6ro5mqg6,-0.397560697963,-0.069978576003,-0.638610837251,-0.439845554813,0.396630980744
6sGqObX4,-0.397808288629,-0.159089089487,-0.591543729507,0.0300402765752,-0.689357620256
6uEGy0n4,1.41475908561,0.833367914505,1.77198282889,0.0828881773678,-0.730261904125
7BZ4LxP8,-0.160273328565,-0.323313534518,-0.195022419101,0.356836005153,-0.832135917092
7CmigXKi,-0.298922298443,-0.243745163113,-0.562913975922,-0.375230806404,0.493467787804
7Ga0LpfR,0.571191796979,1.73199845782,0.131439778865,1.24758128581,-0.638306767111
7PQsFvsG,-0.309024677938,-0.155353788649,-0.809358335576,0.821648773468,-0.502607425078
7aF7nnwn,-0.24869726673,-0.0373200755404,0.200890086248,-0.693362738727,1.05228373617
7asGzfX9,-0.243889316126,-0.237734289143,-0.163130557698,-0.237720328298,-0.266025429256
7cg7C92o,0.0223485420094,0.178255348063,0.39064710856,0.42137876208,-0.141181336623
7eOxTpsB,-0.446721297032,0.0657374059356,-0.292096340384,-0.457283193319,0.727135932124
7ey0v7ma,-0.380307644486,-0.0483246584861,-1.13789290588,0.554387657769,-0.58599599032
7gocyrYl,-0.324209202837,-0.163119464024,-0.772172922922,0.356560244101,-0.587464737902
7gqR3GoA,-0.394018382132,0.00114884809288,-0.406258959512,-0.495082423177,0.227377977654
7og7aUXB,-0.205953194216,-0.182612734829,0.146056805237,0.00638711376158,-0.359479224678
7onRfa8F,-0.277526638141,-0.118297351165,0.364805559766,-0.426826446119,0.857188694463
7umkNuxM,-0.295934886961,-0.19109337665,-0.559838382806,0.295704417732,-0.304315358905
7vPr9ExD,0.055025647809,-0.139747178023,0.306261458581,0.151595164926,-0.692014813209
7zNjpCzu,-0.399123186442,0.161287078429,-0.24794869458,-0.0937858338757,-0.706652980251
7ztsQNj3,-0.435650229736,-0.168132625225,-0.380770737774,0.00334222252292,-0.497863903423
86gppwMI,-0.461978883569,-0.119301806896,-0.417881450938,-0.0604571098856,0.619456445947
88thAGdL,-0.36304344037,-0.131742707952,-0.0471620753653,-0.293051847599,-0.0370186962041
8GhU8STP,0.417349660518,0.119613761267,1.58111825404,0.25407400569,-0.73334065827
8NlzDcWe,-0.22975282616,-0.0379436363745,6.43105936563e-05,-0.56696301354,0.833284258669
8QAejdLW,0.0149275205118,-0.110320672716,0.160160292097,0.0312826383484,-0.595226686573
8RDeFxWM,-0.453836848493,-0.174436318531,-0.385179699685,-0.670775474751,0.763346431717
8UXP2NBS,-0.345345044517,-0.124954597214,-0.535032280449,-0.393248850737,0.466101645921
8ZoV3KGT,-0.0162146806506,0.226975704505,0.243046059944,-0.435526909021,-0.565623441314
8ajs2uG8,-0.364372371082,-0.308190138298,-0.996517935517,0.0320417112651,-0.47434415625
8bXnz62p,-0.00710597668324,0.557120345456,0.34733296982,0.381057249451,0.277062236682
8nO1O1LG,1.29512136997,1.13372755581,1.60402171113,1.77327823614,-0.609136353445
8xE1p8g8,-0.387151714502,0.0844582593984,-0.616442012082,-0.1931841563,-0.36510603789
8yMDVMRM,-0.366098680587,-0.283902336132,-0.903852148635,-0.0979352861446,0.120865193717
98R5VaPi,-0.00344638692484,1.01275162973,1.93950826767,-0.391396241265,0.231408719278
9DcTz2Ua,1.70269961676,-0.127570957242,1.9064443475,0.594611900044,-0.970018318686
9G7nfUrK,-0.338444342833,-0.0755185320329,-0.163606090175,-0.55148832495,0.434532569822
9O6GZ1HT,0.113615733969,0.125644684879,1.6300766219,-0.454881054434,-0.54979989036
9S7fCoAM,-0.263735237129,0.44021217576,0.0352522670445,-0.333748400182,0.0790490402807
9iQwmFJR,-0.181512881037,-0.276300650787,-0.088180707803,-0.323566756191,-0.0383380212875
A3Mt6SAQ,0.25767157936,0.749192034455,1.48166434533,-0.568018797339,0.353993517027
AJIsQIcV,-0.254516894054,-0.235300840027,0.208406721651,-0.443049967,0.0161277124402
AMHKXMh8,1.31534459662,1.12402126352,1.73886885889,0.735065179374,-0.605535261084
ASwA2J4E,-0.437107145961,-0.0207752301594,-0.0408118373049,-0.512544029878,0.837259822123
AaFvEoHq,-0.354648262639,-0.115609169752,-0.221857817668,-0.595936369664,0.343864766439
AiIPD6hX,-0.172058549089,-0.29176193794,-0.174481355525,0.49550343806,-0.497644387911
AsIURvJS,-0.019699574699,-0.161858382023,-0.0494634619004,1.28171116342,-0.903776924788
AsvgbJ0C,-0.294896454548,-0.112635654616,-0.807549141141,0.557857048038,0.237276852276
AxEhbkCM,-0.411999948809,-0.257585010948,-0.74658093825,-0.505029384793,-0.255710285965
B7VPkIpx,-0.0328204418792,-0.105357923461,0.671143928297,-0.501326878106,0.20739920542
BBwHqHiH,0.0334312213059,0.0529777551381,0.256590541014,-0.185264687283,-0.589967953421
BMyps8hr,-0.225667865084,-0.325640709724,-0.185887124512,0.154633358568,-0.717825618979
BUHS4dQw,-0.217414999365,0.617140841403,-0.521932669911,2.37779303742,-0.944267383359
BZB3EYWQ,-0.469289391369,-0.102810447982,-0.201938854957,-0.459772764417,0.807584575734
C5UPCZcL,2.8600944269,-0.0279353888371,1.66706380336,1.26315726419,-0.905726286542
C5gIfQbJ,-0.388467763012,0.855612356041,-1.05853992742,1.31810994743,-0.656012258413
CDRuu4Pn,-0.414754147033,-0.245420121606,0.0168171055176,-0.703938161262,1.28059114643
CQhTYkqE,0.30158893256,1.5673585086,0.0939864372751,0.0772943196197,-0.725208487178
CSEobMXv,-0.332175357875,1.04106368158,-0.933913875023,0.8400125479,-0.691981128452
CYMQE4x0,0.014152673445,-0.111277910787,0.959467733594,-0.377133711343,0.133024373568
ChQdtl4J,-0.396916411097,0.669044594625,0.0842233867249,-0.231260993578,0.0729590035227
ChnD1nrN,-0.213552598358,-0.0873450487386,0.163596502282,-0.585609359936,-0.39307711348
CvtbbIcq,0.143608383647,0.272978947439,1.10971645384,0.0945393175084,-0.516519626818
Cxk06b77,-0.0052510375133,0.0854335762089,0.216089156522,0.144364148145,-0.235295292261
D3QD3ZEJ,-0.398318868194,-0.183578590197,-0.893890121357,-0.239784526396,-0.138672293328
D8J5C6lA,0.340525995615,0.00490469983364,1.32797415825,0.0494567571227,-0.59908653291
DCeQwYfT,-0.272427622269,-0.138915850538,-0.0855713062931,-0.317974254611,-0.332692263982
DDEftkx3,-0.466817544737,-0.00545910190622,-0.413269576485,-0.648585266321,1.04310296307
DEwCfeDW,-0.0418102451944,-0.0854412660774,0.285180935037,0.0476441944457,0.0497917452466
DMkIV4oL,-0.433622072383,-0.176817872262,-0.233430007306,-0.664498623704,0.604474298641
DnzGfbxS,-0.0431602718126,-0.0209386085538,0.0408285831587,0.855797354711,-0.942747916991
DoZxo6f6,-0.344226157915,-0.126223440764,-0.141969005423,-0.608583808221,0.367618022884
DvhBPGIk,-0.340253715726,-0.233777315349,-0.502361319811,-0.127451409345,-0.243469998527
Dx7GoUcT,-0.402537245067,0.314534280684,0.0358334703001,-0.556602285151,0.110693843509
E5hIjohO,0.0914831066881,-0.128043201741,0.398639904352,0.297080557288,-0.821234437956
E6x4XGHt,-0.314380188787,-0.168826828519,0.148477931004,-0.403369903319,1.10176306624
EDEpAzh1,-0.342106819475,0.248634013205,-0.588349937493,-0.132477001102,-0.282900641615
ETGudkQt,-0.294022857529,-0.197588493723,0.373015249336,-0.527989623842,0.074775926172
EUleKrLJ,1.20364999739,-0.095808698326,1.88063594496,0.509711841602,-0.605207484443
Ehw2Jz6s,-0.312673271995,-0.233259916455,-0.728584854745,-0.025590726264,-0.0701651394503
EjqzC4zH,-0.145450625721,-0.0710801018242,0.285746838812,-0.590657883222,0.0232891807752
EkMZO3Qj,-0.401002660205,0.0450521647097,-0.00696009950166,-0.40991352669,0.517819906626
EnoNXWvU,0.0589502103238,0.677417600173,1.52774297572,-0.504902886585,-0.0388556086049
Epv8ANwr,-0.351828804902,-0.0361150140842,-0.621535582507,0.222951703459,-0.0634679689342
Etro9j0B,0.151836031109,1.04667681162,0.415952871364,0.417205164046,-0.560140205931
F3MIZj76,-0.413401381983,-0.143396154413,-0.609193779176,-0.351221864333,-0.321923992747
FB8tU00K,-0.419548712838,-0.187041531429,-0.894107531283,0.344534664091,-0.304618461615
FLhxBGMK,1.88800031494,0.0380876392706,0.48828528013,-0.139190076282,-0.541724206753
FRreR8ka,-0.391019852257,0.366256718251,0.0944249162897,-0.273846763129,0.100970101481
FXne4oAV,0.179622323024,0.424735326191,0.566036111137,-0.160907693132,-0.687926573082
FaW764jk,-0.0183270003768,0.0130936890404,0.281209549598,0.0451216997525,-0.162513780873
FeAbMXly,-0.435882179081,-0.195143375076,-0.185733329757,-0.651049458423,0.733912759502
FeudaFXn,1.49142223025,1.07804988613,1.56606693918,0.0216890239946,-0.39293663121
FldUmFeM,0.375178102948,0.145121524899,2.04927617643,-0.389121738048,-0.168530671615
Fnv5tfAm,-0.41458379439,-0.179215328871,-0.54734433528,-0.0233686155139,-0.180993572197
FvrAd3Or,-0.0856963209078,0.21575299686,1.13253531423,-0.336086636577,-0.0120816343246
G48zHffi,0.0685344297168,0.225260993383,1.50558951422,-0.39665139918,0.0720456791183
G76zCv5N,-0.378551128834,-0.266678517855,0.038326782231,-0.462651878758,0.0376668510102
G7JGUdNf,0.0242073640537,-0.260431194108,0.112891678102,-0.071123320249,-0.72607691955
GCo6MONx,0.639699437017,-0.14161733849,1.56495077904,0.439327252978,-0.837264412114
GE0vbpVQ,-0.118221760065,-0.290199254273,0.18633260849,-0.496535515058,0.235848575468
GN0DfOqt,-0.330677094555,-0.240191113099,0.199669061948,-0.610328940053,0.195893525658
GNsTAb1v,-0.122002450924,-0.0853120061301,-0.327813704977,0.169209535131,-0.643538360779
GPwmO21z,-0.32154150358,-0.158597314051,-0.773482496327,0.105593511481,-0.430783492018
GQYpfLoh,0.24861613232,0.685931482445,0.0531246064963,0.601867216538,-0.54082872458
GR9knT8n,-0.363067207257,-0.17930859131,-0.858398095007,0.707892769103,-0.434355456685
GXtFFbZy,-0.379717911066,-0.0327716097838,-0.250837492719,-0.121409921849,0.134865021011
GYvzvvFD,-0.449244136749,-0.18539932538,-0.420403209409,-0.0899267283718,0.0629898270666
GemPjTJ9,-0.353317001197,-0.169985520022,-0.0057799335503,0.543372918688,-0.303930865586
GkLYRm1K,1.44715509131,1.46245669451,1.83136248224,-0.218001750161,-0.673771344316
GmlqP8eI,-0.409748229312,-0.231266938815,-1.03899759369,-0.279707822252,0.125664953807
GqkIrOvf,-0.226534185894,0.17694013882,-0.00692882293316,0.707428391446,-0.697015856449
H0fsegPi,-0.406226486789,-0.140390464497,0.000856987183675,-0.480017127492,0.183908702162
H4dHpJjU,1.17203874111,-0.0814044616137,1.72642387741,1.33171705291,-0.812806737788
H5QwJCuU,1.29136262723,1.57717349395,1.75170512851,-0.0567588870706,-0.557710104196
H5uwmSZ0,-0.45323077996,-0.161248043548,-0.608307595147,-0.438921327972,0.581580757138
H8MtbVoL,-0.0116532035025,-0.207715839974,-0.0346158082518,-0.28719271158,-0.675619013795
H9JrUYnp,-0.392496501444,0.519179203427,0.0982686312336,-0.259740449736,0.111598908362
HHYmmHVk,-0.432520966541,-0.166892238548,0.17568927552,-0.718784041339,1.33686478136
HJ5U4uqL,-0.425677779729,-0.260735481983,-1.18355475918,-0.0684994572589,0.0429731521353
HNQxYc4w,-0.393116653529,-0.17889584587,-0.584330108997,-0.583599097749,-0.0213139250334
HQYhKHZ8,-0.44475077735,-0.179610317955,-1.11661553959,-0.286265477527,-0.459975791394
HSCMx0MC,-0.458534240455,-0.0557911957229,-0.411757552416,-0.67689475487,0.401437863746
HXYuE0fx,1.7467028271,-0.14479300238,1.74352265935,0.588689936582,-0.7809231539
HdKcxEWr,0.0312751128672,-0.116056735708,0.375394075106,0.326222979684,-0.297312933134
HecW1iCC,-0.38222698761,-0.135434754879,-0.482392644678,-0.117806341868,-0.660519123727
HpbKB8rv,-0.358323674712,0.0134442066024,-1.25911503786,1.51205079604,-0.647127736735
HrkoYjCg,-0.286916136411,0.507305046751,-0.484539011583,0.667809208149,-0.671628688703
I5P2uquT,-0.0410125767372,-0.25152574376,-0.193361601283,-0.225321248871,-0.171713532787
I94qkDM7,-0.427318053538,-0.173137127793,-0.445892290053,-0.171104847984,0.521702320125
I9sQbtt8,-0.344195654877,-0.150520020262,-1.14732235502,1.62368422808,-0.428162439208
IFxgw6ZX,-0.328047231591,-0.208098210986,-0.533590471133,-0.3494061202,-0.412299674427
IPPPSyoU,-0.410153632689,-0.28074893766,-1.03974175903,-0.0663893486089,-0.607938941202
IQOYQubU,1.07749987077,-0.190143115629,1.65301167041,0.539141393751,-0.707581073315
IYNE2SxU,-0.333007781725,-0.208937732669,-0.701981879093,-0.00242645576685,-0.630571386805
IZRFk9kN,-0.220597570502,0.0636474625917,0.0242262520708,-0.402021890148,-0.218815666112
Iaq3v0t3,0.376944940031,1.04003977763,1.52376639926,-0.395530939233,0.00830729264022
IbVwu1t6,-0.398609676581,-0.279337940464,-0.906219345128,-0.0257219847923,-0.372285246876
IcHKTLyo,0.0363479303628,0.244534709495,0.096924251028,0.318233205902,-0.612554804351
IpW80wVB,-0.406710059703,-0.180458232945,-0.826878085663,-0.190974401612,0.164310225068
Itb0PYUV,1.16587769002,0.0197180402825,1.71680965463,1.14860746571,-0.792328220174
J8fpSwS0,-0.435032074041,-0.081373885931,-0.299641603306,-0.652169146343,0.663728347538
JE1SlbD0,0.172434494567,0.167432708664,0.222050063936,1.82710072507,-0.956016813431
JEB4McNb,0.704988262872,0.234854427905,1.45065828058,-0.049324839012,-0.936925476175
JEE4QVeQ,0.068529817767,-0.26291339737,0.0792059307873,-0.287425829344,-0.523308448147
JJSEU2VQ,-0.456564604796,0.0818740052246,-0.421830120318,-0.523082461229,0.828948049265
JSsVriP2,0.0838064670094,0.0702816913119,1.11152748851,-0.494637939309,-0.253539316598
JUvQNiOK,-0.0731495453669,-0.0971040816009,0.251083644182,-0.39181061239,0.0455222275228
JZbrRtm2,0.134278064061,0.238743473902,1.50637257542,-0.417165839611,-0.126896824363
JcE9G92B,-0.307480291639,-0.110747871266,-0.397597824739,0.775747750249,-0.69357305863
JnNYpXHr,0.180115597137,1.24852960691,0.22957948426,1.26464949111,-0.971296755022
JzpbnOtz,-0.356901198534,0.0528298475409,-0.255931596715,-0.457561457637,0.446694127739
JzzUhPQp,1.55312954389,1.69975980682,1.85118271936,-0.00569219266177,-0.60751990829
K05R8dQK,-0.338212369436,-0.089354386064,-0.813551763817,0.266923174147,-0.612375655361
K17pG2mG,-0.343122123041,0.69100403469,0.346720589491,-0.604649122144,0.0235685681442
K8BellUe,0.0195247241991,-0.17540293102,0.0469432880321,-0.0898464602023,-1.0248185832
KJ2eH6rr,-0.065919216336,-0.144110765577,0.462853207199,0.41212561018,-0.99968366899
KJEJ6Glk,0.165217800214,0.0599412431455,0.28260231739,1.30185976859,-0.978853479424
KSbO0oXS,0.310869907125,2.45340388799,0.287841033949,0.684074160535,-0.886788394553
KXtvmd01,-0.410580212091,-0.230324965805,-0.00299204905225,-0.521129103516,0.34236547099
KYiJqBuJ,0.0679412511798,0.0817339079017,0.181473002911,-0.194432111083,-0.520148709306
KmbAyTcE,-0.229757795701,-0.166400459391,-0.0798338557023,-0.396474961278,-0.153432447882
KnNyl3rV,-0.275544175798,-0.186004187087,0.166148771974,-0.443651314882,0.518543296871
Kp2DG8TZ,-0.179407524538,-0.0694070725285,0.675950058989,-0.544631808186,0.523347714965
KqQtKWs5,-0.183471809837,0.0486863967505,0.246381937258,-0.473929575536,0.893079578577
Ku27g63R,1.87929485285,0.819256868825,1.70474428958,1.61158355225,-0.665623808545
L2aTVqDq,-0.382963699274,-0.185842447191,-0.723517590909,0.463194151989,-0.581066616929
L5jvq6G4,-0.233142575309,0.119310524138,0.042079438436,-0.582134779484,0.955707368675
L91hYVQl,-0.21410188538,0.279702042547,0.0750674459543,-0.542575044571,0.439666559434
LINAMlbA,-0.438634753994,-0.0587885882643,-0.283023483326,0.159036188799,0.438955121178
LJoUNXSx,-0.379201649328,-0.247403268887,-0.915795711007,0.114893876143,-0.366691511684
LLtSiyWD,-0.364251697597,-0.292491495301,-0.107621608344,-0.62874301794,-0.221044910472
LQJtV8kn,-0.0422355981742,-0.0516154858528,0.197898480109,-0.195957520416,-0.844399664414
LW9uddw7,-0.382940457057,0.13766832161,-1.11179134268,0.924022036694,-0.57940893638
LZ6sdBTR,0.87999776069,1.39890546616,1.49388569074,0.501782778211,-0.486335795455
La2Vhnne,0.083589485751,0.0155102028043,0.123933178983,0.472539054532,-0.316017143261
LaUWSq9B,0.0428307398357,-0.0950617771645,0.0371903978009,0.976897926884,-1.05285008278
Lk4SfkPQ,-0.218500017263,-0.22333457423,-0.418540527393,0.493482841996,-1.02713629447
LllC836d,-0.428493418195,-0.171431283575,-0.954771668154,0.100951564716,0.00360868352492
LuGiGeWN,-0.437408458288,-0.17943775449,-0.470050223103,-0.171528647598,0.346581082595
LzcyHcWa,-0.434570039958,-0.00562358792252,-0.175571712766,-0.524397383544,0.861601496131
M7veP0H4,-0.377899595924,-0.165701072422,0.179632400591,-0.222516429695,0.405558177196
MB8aaJUc,-0.336175402801,-0.112256181812,-0.810515785824,0.531976364488,0.01107856557
MDpe2zuy,-0.442194415697,-0.142760824419,-0.361397139262,-0.360282323902,-0.617441864674
MEzdmEIU,-0.413242457544,0.13023282991,-0.418884361219,-0.414063441931,0.00661239784149
MVnhtivm,-0.386615710519,-0.177731393471,-0.844522147023,-0.158057667252,-0.308866405854
MYU7WDis,-0.150505722337,-0.0438155929217,0.776411137034,-0.616457262659,0.272520253771
MZFqh6yw,0.795097424163,0.419492439797,2.07398408477,-0.320216031641,0.0647004466897
Mdgy4SsO,0.240644984081,1.2888151056,0.193220686704,1.07616627693,-0.592840191054
Mj8awnzy,-0.313210137793,-0.0512156857044,0.404315290039,-0.503807729268,0.843053243117
MpFPbUJy,1.55360160189,0.779330022811,1.75434048564,1.47611545382,-0.596368173917
Mqk7MFBM,-0.343390505374,0.0407512442504,0.316202835784,-0.543551813095,0.365211818643
Mqs2t1Eo,-0.354273786865,-0.150182349308,-0.589861757109,-0.17133708157,-0.395523137893
Mv3jFVxp,-0.416802655253,-0.168128221839,-0.550938116156,-0.314748634861,-0.0162147458812
MxODTXvA,1.90450362622,0.316766296839,0.659422543326,-0.0525495970216,-0.300362018167
N46PbpPM,-0.432220718796,-0.26184708275,-0.0713985633927,-0.692409269682,0.922271293778
N5S5F9Gk,-0.468681329219,-0.183152677826,-0.416223810966,-0.195712569464,0.527881455481
NLDg5fqw,0.454106279681,0.0468799913122,0.978473479568,0.12405422581,0.559533699139
NOho2ZiM,1.17912195503,0.62197039333,1.80046173908,0.58566210099,-0.780888108542
NUuY7PFU,1.26732706326,0.302707013245,1.67811597712,1.25353594633,-0.822502319674
NV1e8AEO,-0.427815947725,0.374720201811,-0.0816239667649,-0.497620112831,0.994349917559
NZLXROKC,0.158534492186,-0.212989949352,0.214115118714,0.141202737228,-0.67265633892
NaJo7C6o,0.153362151168,0.211172495875,0.742031536427,-0.0738843950454,-0.329667154428
NgsyGkrO,0.0360510171312,-0.0231588965458,0.162591331084,0.406891797895,-0.812386514063
NjOx4Zpo,-0.39058683144,-0.219802003851,-1.06837827471,1.16123170185,-1.12334428821
NmQoI7x0,0.828518511131,-0.178602617449,1.55925952569,-0.276558435604,-0.915169702444
No4wkdLS,-0.250197342211,-0.106030380203,0.100764555973,-0.50600844619,0.0992768342408
NouMwhOf,-0.0953639995532,-0.179982997152,0.0709061713474,-0.014234633164,-0.485434316256
O6YAWd8C,0.0253110610332,-0.132331720515,0.253805116848,-0.350344615573,-0.514739552301
OAXVphSh,0.283284612726,0.0844552498706,0.836249073688,0.229827450749,-0.546059063287
OJBBhb6Q,-0.371270345496,-0.0769186581211,0.0587027533603,-0.680928211419,1.32287928634
OSIQXImL,0.0705299306892,-0.16553730868,0.348822098895,-0.037488100632,-0.860739252026
OUUFc5Zz,-0.436606969615,-0.184132598846,-0.370342305593,-0.637598169154,0.464129505689
OVk1lquT,0.154133712684,0.711572883428,0.283633359647,1.3714500747,-0.699716290952
OXdRxjzz,-0.3642379899,-0.273138366757,-0.948334602462,0.144099034922,-0.561352590419
OXxW2ekf,-0.35573255793,0.0908815934875,-0.501360872285,-0.40423491688,-0.185268316539
OXz5OpqR,0.0342328665298,0.0873533853498,0.424407502282,0.0411304800246,-0.489437835659
OcBFW1AX,-0.398913757051,-0.127493000745,-0.415385623454,0.160553470239,0.253900947745
Of9V2rpt,-0.185645476573,0.0311779466172,0.31517325405,-0.0899599930431,-0.253790191861
OfLxPhbG,-0.0787468433556,0.0257780296052,-0.105977044723,0.0302010822329,0.0713239163832
Ojx2vi48,-0.335705025198,-0.0919890084612,-0.0780739003963,-0.597446344165,0.886636213394
P3M32iuT,-0.266563500189,0.326063916289,-0.168259633457,-0.593798230017,0.976751210548
P7olVzrO,-0.428030009326,-0.147823510097,-0.378903827274,-0.448881164024,-0.317033220075
PAPHErnv,-0.423013483741,-0.250316840504,-1.10263508459,0.178739743044,-0.497562693052
PBjEtfXb,-0.36474960717,0.227604569201,-0.075809919921,-0.44935421716,0.585253180379
PZGpoBBj,1.17464572734,0.608043784782,1.80164537643,-0.176934126022,-0.711062617243
Pc2RrxXS,-0.294863288385,-0.200607472564,-0.000509030542262,-0.205568238758,-0.425166889656
PcHQ4FOu,-0.40059031656,-0.170887374396,-0.100621617321,-0.0312603272376,-0.292878391418
PeNyTOVN,-0.255658165138,-0.098008319618,0.252067882473,-0.410642549692,0.246383497398
PhUPSU53,-0.377742270567,-0.169012687072,-0.623576067568,-0.12674919491,-0.441532961154
PmUNeV2O,-0.256437665078,-0.112563531845,-0.154255709646,-0.60839134747,0.848802617144
PoDJ0uvK,0.753592645055,0.714737802705,1.52200499243,1.04621529999,-0.635077522902
PsUJdJdg,-0.281634827205,-0.137319262968,-0.0888750308711,0.379973258044,-0.41751426585
Q3xLFx1f,-0.33268636414,-0.108124796824,-0.928537081302,0.0458027340153,-0.166706213321
QBGxCvdM,0.0288211660624,-0.258201647948,0.169385157892,-0.222322303561,-0.758314727746
QCEPyu6L,-0.404444852028,-0.288649534772,-0.831632697703,0.10246973741,-0.71734180017
QEfwec4s,2.11453582223,0.297758720493,1.8083582695,2.49574123254,-0.748981170682
QZ87Nnr3,-0.404551522004,-0.172489761526,-0.0486062768974,-0.554189219388,0.28815576992
QlyGN9jv,-0.40664177714,-0.0459196392858,-0.34298294159,-0.484657240104,0.9044147665
QqgWE1ny,-0.366938663582,0.273291136361,-0.0953326234875,0.317700882828,-0.47707235759
QrjjBpZd,-0.360634384166,1.05508026534,-1.03501377385,1.09565297842,-0.697288465953
QsaBiX7V,-0.322396357309,-0.0871267624099,-0.127765072127,-0.0724472536298,-0.425373880386
QtBKJuZk,-0.259822501428,-0.25485909231,-0.068967057817,-0.456584051516,-0.104657161592
QtPRO8OJ,-0.436570835194,-0.234468078832,-0.430995453282,-0.643665047899,0.299988801609
R8XcsFnp,-0.313645676038,0.385553374012,-0.0972249562866,-0.0606213675526,0.491767495027
RROfRt9z,-0.0355430806149,-0.163014607604,0.42116658877,0.664939587292,-0.656761511498
RTcbiDGq,-0.357003888584,-0.308890020006,-0.0856381425198,-0.379954641959,-0.304568067821
RVidM9g0,-0.114790120049,0.715666127092,1.48148693604,-0.605898445555,0.481359572001
RZnQSH19,-0.436281364064,-0.0941035791405,0.344902510525,-0.584051356074,0.612993911316
Rc4UK7fT,-0.448539363694,-0.0656686623463,-0.355107376874,0.199592824889,0.13917494033
RcKBKh6B,-0.434600689345,0.0431503973169,-0.700975221986,-0.366094132729,0.604360608264
ReM5kDa5,0.0314654318368,-0.160474509142,0.104075728255,-0.0892542099011,-0.807636001087
RfntsotG,-0.425523049188,-0.22950142375,-0.200937925952,-0.708705839562,0.363747960246
RiXMlzXD,-0.329246474936,-0.22598744963,0.0609751479984,-0.542077379828,-0.458799013407
Rik83O3m,-0.362635400147,-0.0547492278035,-0.514388803062,-0.28541618282,-0.080485670574
S3PCzDzO,0.0018249494278,-0.147478090219,0.726692087923,-0.55528585071,-0.206436803167
S77BviOJ,-0.385114000834,-0.103648936453,-0.0316300082649,0.149154599481,-0.384345262555
SDdvtktF,-0.360831616044,-0.312172520227,-0.955670969163,0.031648422247,-0.60492487548
SHs1AyfM,-0.277861154793,0.123195339833,-0.213099411316,-0.287313269095,0.570804544842
SO4zQy9k,-0.438103035464,-0.081034911638,-0.12243360535,-0.460021944945,0.395147627811
SOOBCoiG,-0.404814701082,-0.0922308061807,0.154239421492,-0.539982421708,0.781210986485
SXkkPB7A,-0.450412850285,0.28429800367,-0.193162964401,-0.448997392366,0.835492913367
Sa93dGqq,-0.358898965386,-0.0923599412599,-0.293037888617,0.51124454512,0.593943890129
SonIG72a,-0.396079974586,0.389647422879,-0.406233781982,-0.37978143582,0.919981973643
Suf6hIBc,-0.43959410111,-0.0357861734941,-0.126074515247,-0.489220960025,0.860458332018
Sx2JeSRz,0.137432544734,0.0612954360555,0.311383329576,0.181424026784,-0.211825496217
T1Tlftr4,-0.353758056464,0.0554274736369,-0.298204336749,-0.610907569634,0.611014064724
T7ulR4ci,-0.360169346654,-0.228874814222,0.299215512885,-0.650519203729,0.89015472295
TA1NB3Br,-0.42557568573,-0.0600148561847,-0.369929441754,-0.507039824888,0.743735028545
TFZUskaK,-0.0732504305759,-0.162892551225,-0.0281198158872,-0.267208629741,-1.10260703983
TNL8HGWZ,0.0472751193585,-0.244674340576,0.0209603049021,-0.105091566804,-0.654560015167
TZ8z1GSF,-0.346005686856,-0.265144727515,-0.860389407532,-0.414003684001,-0.256635870799
TqhRvkJJ,0.961205692685,-0.165992750891,1.42539480766,-0.31656505298,-0.734199796455
TtJCUiY4,-0.413054733457,0.272636073027,-0.256819512896,-0.462124060967,0.63992732363
TwDq0lua,0.244744084426,0.974319253646,0.249664223002,-0.0879396335695,-0.846557977561
Tzyf02sI,-0.0266658499487,0.0352509684108,1.33818759827,-0.445617542807,0.76508298699
U3yI6ZS5,1.85322248317,0.0326300700567,1.80969502141,2.08352076195,-0.929799261295
UBLnXZAN,-0.376178924289,0.741108834597,-1.03418249573,1.49270255688,-0.745860543738
UBWDzleg,-0.341344380519,-0.158746795746,-0.546534943637,0.360371483401,-0.588775304057
UBqkX6SY,1.05001296695,0.925934331968,1.88164389594,0.105015409583,-0.62916130772
UCIAi1Aj,-0.1306503422,-0.0312904454702,-0.0431425602771,0.109006529704,-0.480481814679
UPbXGvCS,0.030321177752,-0.257647532311,0.2245433667,-0.205917805117,-0.775623246488
UeWm1l9F,-0.305092669468,-0.0968380588034,-0.761281299059,0.82496268248,-0.0713327471402
UhucscY7,-0.33523710221,0.158375710055,-0.85567217827,-0.0342354880209,-0.186031381396
Uri1SvHV,0.0107703023013,-0.0297008719983,0.1368053588,0.146954412193,-0.693106924707
UzxipGJS,-0.435834726059,-0.200924137952,-0.0552211781626,-0.437511910094,0.272966168884
V74zfaAQ,-0.0103006787133,0.079054232715,0.198622032212,-0.186021684872,-0.780172085626
VBPxBLTh,1.02471261859,0.0225960815982,1.71042715211,0.989148334082,-0.847946988827
VLG7CXYS,-0.401316031682,-0.128904653637,-0.102434503507,-0.356868114627,0.365819468665
VNk52SpF,-0.373595751832,0.519997296557,-1.09459190631,2.11675343592,-0.689469066192
VOREKsok,-0.469067121435,0.205135452379,-0.190206470758,-0.71286579902,1.05490786174
VRhTr5pX,-0.368528877207,-0.291182969771,-0.05526907152,-0.631101343617,0.019693414484
VTcG4Kcw,-0.342220488147,0.170157178629,-0.25931453996,-0.442704001639,0.499549089422
VeKiWSbS,-0.414811624296,-0.0934615156715,-0.102928785113,-0.522005152275,0.666927566265
VnU8nJHU,-0.414652209292,-0.132477413874,-0.123929367089,-0.199310730921,-0.195006549018
VueNCxYv,-0.324501667846,-0.204358094882,-0.860110819925,-0.227491680322,-0.046445927325
VxuQTRUl,-0.373955535149,-0.189373030509,-0.193887981561,-0.182301193869,-0.672164894573
W5lgaocA,0.381956408736,0.891115214577,2.03020059717,-0.301058193259,-0.00349731203527
W5mMq9Ef,-0.38911067665,-0.138964782743,-0.735071541922,0.157683914382,0.0430154768659
WDhNqFpS,0.0352203668663,-0.0410941666867,0.238283296335,0.723533910635,-1.06801997703
WE6n1kZi,-0.402755007582,-0.178252660754,-0.959494346935,0.373253607782,-0.42779055023
WFk6r3vA,-0.41819337287,-0.03400650667,-0.375930519961,-0.150066596655,-0.103935279486
WFyIrsUR,-0.341230788874,0.258386636352,-1.00791111797,2.28055316487,-0.55176521253
WG6ZAsqR,-0.46558082657,-0.0306724841992,-0.474048296333,-0.677868773103,0.648984402136
WMq3CZQk,-0.401100572067,-0.287069925662,-1.05556283316,0.564833829559,-1.07966576679
WRskmGjh,-0.447955876056,-0.129647654079,-0.409749764161,-0.382542535053,-0.425954633792
WXijSglj,-0.304179508707,0.798550279594,-0.857652571414,-0.173169577705,-0.214861412017
Wc0stQgu,-0.373511503973,-0.273223814681,-1.01380711624,0.243224752919,-0.586256896184
WewoSCUB,-0.247525833349,0.190232158634,-0.0400163219405,-0.612149287775,0.970528001715
WuHuhHWJ,-0.400973002132,-0.220714113954,0.325954950829,-0.653770539855,1.14738338744
Wv7EBtZb,0.457506823265,0.113787493743,1.61629883473,-0.090215230074,-0.739587898352
WyPlxDn0,-0.39698675475,-0.0400361741959,-0.160581656375,-0.510441893763,0.759371305804
X3WqoSNN,1.52889665477,0.265152836424,1.63252172278,0.652246886826,-1.00549268677
XDhyP9KB,-0.412228062041,-0.149750600358,-0.588000829404,0.0510430179836,-0.234527093995
XQxhDRMG,-0.43979819709,-0.157024875314,-0.434974185224,0.151170951692,0.514775425907
XjLNAwxW,-0.0863517890013,-0.24678989708,0.230817303011,-0.0294209865416,-0.976314593459
XjfVQbXd,0.28780595238,1.20798086444,1.4062590316,-0.334966767496,-0.588918469254
Xovczbf6,-0.465322044241,0.0834942813186,-0.344160942107,-0.701785408178,1.05900025482
Y8H4onBf,-0.0636588489818,0.593215429768,0.315774821157,-0.478738694621,0.840453434644
Y8YgzSZ9,0.915433087167,0.297746169768,1.63201511251,0.15637205269,-0.265741474223
YC4PNV20,-0.397558565533,-0.0077178468928,0.0863083504251,-0.530208020837,0.254438958661
YDHSCRdd,2.37386022538,0.227266411097,1.80811554091,2.1182793998,-0.70880564154
YIJ87aME,-0.0936954737771,-0.166973837068,0.380629186161,-0.142527985429,-0.207957976406
YKvT4dFv,-0.438137076354,0.416810115892,-0.771270014702,-0.380329423354,0.313082513197
YNebALR2,-0.454673769266,-0.171655452133,-0.401746255689,-0.170647477375,0.0730707651067
YNrnqFyb,-0.249838694171,-0.0572222002501,-0.0148159537034,-0.435244137802,-0.21543273909
YUZ4lR3m,-0.39245963287,0.12381181085,-0.646055842372,-0.373418680666,0.318586698763
YYLvjoVC,0.145345904535,-0.0228382295504,0.157756366308,0.187435692092,-0.474276707127
Yb8OtMb2,0.053268753198,0.0400611514257,0.154136418631,0.145189758724,-0.769455239149
Ycg4lTYw,-0.351701129137,0.0540072473382,-1.00177500531,0.876519894563,-0.645737410408
Yfk6tekH,0.0607596377184,0.240431551271,1.61880871117,-0.300205903018,-0.442420344618
YoSfgmR6,-0.415203000494,-0.212810647765,-0.709867158566,0.00099928084562,-0.623583773711
YpzFvexy,-0.352584245485,-0.258185503669,-0.722035681579,-0.0357076036569,-0.42992154174
Yxqppfa3,0.00604538469623,0.0435815032748,0.319710095323,0.600206534653,-0.591908554986
Z16jTUvP,-0.320280330551,0.535510804207,-0.616597137448,-0.0614102515758,-0.155189942529
Z2BdCCbJ,-0.446541733151,-0.0202471094337,-0.194776926242,-0.474960333512,0.869606971855
Z2JJMM6V,-0.292234763681,0.208505846769,-0.350728384572,0.140331368609,-0.201429856419
Z5jE1OB5,-0.369413467411,0.12608561125,-0.0649141068016,-0.334309509399,0.0296227782215
ZFsIqYxA,-0.378669412229,-0.182101087016,-0.532740773521,-0.226795794423,-0.505200296608
ZHDVsoRh,-0.324897584884,-0.286143404998,-0.584530360914,-0.0451983688849,-0.37850913853
ZSmfu2Fc,-0.451239478899,-0.214472793722,-0.866259618912,-0.0769646787742,0.0225795281661
ZU8YXF3H,-0.485730838688,0.0049450683618,-0.456930656273,-0.668970573825,0.866087496329
ZXKaNy6Z,-0.266128726261,-0.30179621188,-0.599156955056,-0.446159496106,0.565324065035
ZbYLo0zK,-0.214068432054,-0.280131229604,0.254113820078,-0.491091470379,-0.0438510509939
ZedN8Gcn,-0.339296694723,-0.249375281974,-0.323954125583,-0.257402427692,-0.511307151039
ZgD4Dau6,-0.284120701414,-0.301311469843,-0.0947458163993,-0.50577520991,-0.386093892383
Zgzf79LA,-0.214668236731,0.0329952455488,0.0106427396846,-0.518876656321,0.821015361778
ZjqzxDOF,0.187295941362,0.954831834848,1.83904931354,-0.414857728296,-0.398487784737
ZsZ5aDpq,0.0780566527368,0.197090246525,0.597768724273,1.42398245812,-1.03343113727
ZtyqE7If,-0.0305716955011,-0.161252671921,0.116603544769,0.293893313157,-0.594480598108
ZvUgz01f,-0.347569712125,-0.141458109753,-0.266078029081,-0.628835350265,0.381226842969
ZwrhgdQV,0.021237463818,-0.124420899124,0.458943630772,0.582911650849,-0.499822745134
a7bhJGBU,1.23563732618,-0.0266752529985,1.57174292836,0.759376817475,-0.808619244624
aHpv6KzP,1.81644476843,0.00739910243147,1.78605535214,1.35162037945,-0.946608590655
aINzEBVN,-0.0903165243304,-0.116773175451,0.286353715436,-0.556910945963,-0.291080112367
aP9EtTGF,1.85223613649,0.477473858519,1.89894769818,0.169041602829,-0.668857019615
aV6EhtSL,-0.396807241576,-0.257072358526,-0.42081924214,-0.491215224697,-0.619556057783
aVZsXKoH,1.08618271046,0.469021753956,1.90611665378,-0.258228336464,-0.647561125484
aYVnVJvc,0.0150240384619,0.22618401878,0.360329966518,0.390167950192,-0.74633792503
abCzN1zx,-0.393005400133,-0.291550768223,-0.790825381902,0.359613842809,-0.646214015957
ae7sMiB4,-0.0945299584531,-0.157592934191,0.219550344724,-0.231760291736,-0.254414258271
afsVuCGV,-0.388610861825,-0.0924558194669,-0.68758626964,0.202116098265,-0.0135947020193
aiwBQETI,0.0355240620398,-0.23971923008,0.139188534605,-0.0544869564113,-0.754772860103
aiyli4EI,1.3139974228,1.23118270978,1.64627153772,0.291871527241,-0.522196706661
apJ7NmzD,1.07365581512,0.689130743686,1.79761623699,-0.0491796305286,-0.744028020751
atVjNMtQ,-0.37537317071,-0.189566238986,-1.13763434628,2.27737311743,-0.700113042647
b5GirVGV,-0.422897275929,-0.281329217085,-0.0241675116303,-0.682109015985,0.267496864905
b9SpMjNB,-0.220775565034,0.346854776725,0.286727977471,-0.40151820735,0.743433672128
bAFs37yy,-0.471867525674,-0.170747317994,-0.351227923363,-0.664634119232,0.87147033103
bDia1hHV,-0.0689990184886,-0.148082625764,-0.063478966513,0.324805671973,-0.605030560859
bFkv5Mtr,0.0448566896754,-0.178424620139,0.374581369759,-2.20132524048e-05,-0.339010979475
bHe2IXgA,-0.383619433172,0.594492392636,-1.12127159044,2.07873723388,-0.671685560888
bWX3vUm5,0.0353594570327,0.259230436768,0.178741707589,0.113194167622,-0.257686311281
bat8tcGs,-0.0352050019176,-0.217167991052,-0.211635264474,0.374517154771,-1.05582359292
bfjej4wu,-0.249023534088,-0.195995973386,-0.0106758698096,0.236355123722,-0.79345025248
bh04YDiP,-0.344361755747,0.0945255496882,-0.717063637185,0.011232998539,-0.229660741511
c110Fdc8,-0.386240795855,-0.139799171858,-0.204220425315,-0.544918916682,0.189681661081
c32GUzMa,-0.416229286653,-0.140422006757,-0.430045718363,-0.18987949204,0.651842998309
cT6uU0B0,-0.420886713606,0.0175526726394,-0.623149552093,-0.443196454954,0.558415937671
cWXCiFwh,-0.387083606845,-0.260827567144,-0.775802761196,-0.18325078474,-0.667586327425
ceNvS3yd,-0.471314897354,-0.201665005572,-1.09416535383,0.00264345494948,-0.0406735579023
cmwdt4Av,1.13902649881,-0.0442304928209,1.66811104824,0.432132204696,-0.753129150919
cn4EHsup,-0.356034885282,-0.137397906457,-0.800575268373,0.0171133030678,0.0093008318233
crVOGGTT,-0.273318553782,0.475975219415,0.122346133753,-0.499570389081,0.739143268342
csPEJ1E5,-0.255883733001,1.75160822028,-0.149521697827,-0.090168479177,-0.543087394578
d0UrRtMk,-0.411377299723,0.0256113704595,0.200362501478,-0.714709388456,1.43735275358
d6LU4G4I,-0.284645082323,0.487725131755,0.230444890468,0.248103030923,0.149490929499
d74T1DVv,-0.374837029394,-0.271591568704,-1.0027002264,1.28140116924,-0.913064599966
dR6rM1tQ,-0.0191189613077,-0.030460697933,0.0613111654603,0.111219745885,-0.908389419378
dUNxOoqg,-0.316105109243,-0.257243227871,-0.30511762396,0.579270210047,-0.725996844793
dUnlyhj7,0.346631768331,-0.236096133623,1.00332144963,-0.421497464649,0.128633297138
dVDlnZQ6,-0.380761837062,0.55205403823,-1.12745405828,0.405535528059,-0.587772549814
dVT26GDu,-0.342218218449,-0.0928311986007,0.333703193625,-0.45153002596,0.438996912616
de43ycXY,0.147500159607,0.673992174196,1.57293280458,-0.335592332115,-0.20581238768
dfIn7m9z,-0.323708704254,-0.244631586859,-0.823071782703,-0.0828506620588,-0.342030011237
dhmb9ZY9,1.78542778108,0.52208710375,1.80912969389,1.4057439491,-0.82183810931
dn8kCuyf,-0.268480869884,-0.289900593754,0.116991203216,-0.399284906096,0.603954545596
dpcquvWW,-0.38257916066,-0.246099943128,-0.21656396406,-0.426756359665,0.068881473789
dqcbIMyr,-0.42643579626,-0.177937310768,-0.37856363781,-0.197224941829,0.0463887281927
drWgsBf5,-0.352661660961,-0.00488636150644,-0.450800801628,0.354271552389,-0.583417783061
dytx0HSe,-0.469551761281,-0.166153758962,-0.461338562012,-0.688300043803,0.953703356131
e4KkkIha,0.945609203756,1.00721252012,1.74076530002,-0.0469893905319,-0.609267073216
e9YorH4m,0.492672423829,0.363066292448,0.889757178746,-0.417836537984,0.447419694098
eB9gVQ0R,0.14749952922,1.03092833328,-0.109077292772,-0.522849123458,0.895659869917
eMhLFqU6,-0.39546938507,-0.0932776775655,-0.252003375866,0.0701521736865,0.125554190505
eMllg1qm,0.129572460608,0.776235192082,0.587557328801,-0.0645997918618,-0.511141052648
eNPunZ9i,-0.321473247198,0.178762620499,-0.290023188339,0.940449931821,0.00104126386151
eS5BSM4J,-0.432200730106,-0.106909964763,0.0269884336326,-0.521094399778,1.33405546465
eVGMFoOI,0.182537732587,0.0931327886593,0.812383425516,-0.351200188059,0.252885775988
eaIwb3rG,-0.37039908637,0.779688593536,0.10170635403,-0.452271394441,1.01915445822
eyzw8Vis,-0.454767337141,0.0135136580138,-0.316664678566,-0.457534677749,0.874090886996
f04Ke2bN,-0.425464720336,-0.122620085545,-0.683274398134,-0.373713255152,0.56658120427
f4GA0te1,-0.384241793932,-0.207900691933,-0.130297788934,-0.604974416706,0.0948889019509
f7bd91h5,-0.373740185273,-0.216348616224,0.330097444296,-0.618683550475,1.17199999756
fB7z9ndr,-0.388000415013,0.228737526509,-0.175231337847,-0.496032113718,0.984894486873
fEe7AWFA,-0.08512073667,-0.146692793094,0.36655033213,0.593316004588,-0.624266820413
fJJIbgY9,0.379074819748,1.20435794433,1.36853376206,-0.369740464322,-0.588810224824
fQBURMvg,-0.452545730269,0.00586748497078,-0.217355157775,-0.50759021677,0.88609878775
fS0HpOub,-0.417946273309,-0.190103817889,-0.178643775756,-0.568211248966,0.612002824103
fTDXauuk,0.126752863928,0.143243283491,1.55549677966,-0.358738923633,-0.675502789813
favPNA2N,-0.38135032404,0.0823807037246,-0.335572735787,0.294340571287,0.102164031076
g3Fv0U4k,-0.362639388598,0.124498620601,-0.993998700943,0.827773771864,-0.678219850899
g5PKo2E2,0.253174590741,0.0620318335368,0.314036051332,-0.0259195779333,-0.629265585163
gbjnD5fe,-0.410596617634,-0.198575200106,-0.509183486505,-0.478474096583,0.399404377632
ge9zqXCv,-0.0603189544929,-0.202236728342,-0.129235328351,1.28204241648,-0.997405027058
geeqJpSE,-0.438610990708,-0.149042868514,-0.238389697922,-0.646210533676,0.7893966183
gqy1J2RS,0.034596146925,-0.171321708797,0.166448528751,-0.00947432368682,-0.716649371842
grlUtS3H,-0.294545101711,-0.161802708972,-0.931224701529,0.444067715957,-0.467426492547
gx965KYj,-0.13346442037,-0.173954450163,-0.223811657505,0.0875866969453,-0.684076167385
h3F08Vjm,-0.326822044153,0.268111545501,0.218343522465,-0.561845419568,0.899770473638
h6FQG8Iy,-0.425252141345,0.163880913802,0.00620778021164,-0.583261008101,1.0477805343
h7ftM8b3,1.47233936277,1.5122353828,1.77778584401,0.124412052597,-0.612980997099
hLrCHXZv,0.011730122619,-0.0165728418725,0.337565388479,-0.0271280244942,-0.828043184078
hQ6VBuFx,-0.239440435091,0.753115146327,-0.0608381326945,-0.403403212373,0.874673813778
hYoR2y7w,-0.0889726962254,0.162159604524,-0.17119738779,0.259975952305,-0.93710158025
hf65yZkM,0.142060611436,-0.190202976271,0.616050477884,1.14407161554,-1.01112482884
hjuwe1x4,-0.318099954172,-0.1217444103,0.123281231957,0.234485460418,-0.0398973895485
hyINlsFR,-0.262053327955,0.185036435115,-0.300733818684,0.380509703445,0.46983740718
i0Qlm9Bv,-0.398329973914,-0.109807140273,0.0321482727944,-0.452544349996,0.953682274906
i1VxfxMb,-0.367344895045,-0.140108346682,-0.231726271022,-0.662010816919,0.981429318417
i2l6jXNP,-0.475319557691,-0.169505982479,-1.09466577462,-0.242600761885,-0.171632413822
i4FgPZv7,-0.342000583715,0.351439699661,0.158437087953,-0.616643987515,0.793507293804
i7XtIkSi,-0.177627285611,0.363783815822,0.124573109578,0.18562363429,-0.350520449648
i9z346Ut,-0.34568069382,-0.0835896730813,-0.697869392601,0.323718712482,0.236853763925
iDOat4cZ,1.07726307044,0.910148148935,1.78615387346,-0.168128070136,-0.659270539723
iNv6RoSO,-0.427093144834,-0.10241650738,-0.643104207719,-0.415982982371,0.612285046344
iSL9NYzy,2.36513640843,-0.0642408289938,1.81101462591,1.93978032326,-0.812195465258
iSqVc1r8,0.149014905881,1.41930780432,1.6863779139,-0.350665087817,-0.29588696648
iYZMftt6,-0.120715111906,-0.163691100381,0.107663581338,0.51630218675,-0.715922627485
ieTPaa3c,-0.402794777477,-0.219673187249,-0.900143896486,-0.373896683936,0.00609717672203
if7BmzU0,-0.441115099198,-0.0972688264236,-0.483922415381,-0.653063555748,0.782229630388
ihNz5bmx,-0.391827426588,-0.0658684158627,-0.518495448721,-0.216626381916,-0.182534393321
ikJXKdIN,-0.31748403429,-0.0627056948618,0.111810761202,-0.703409600248,0.970386390557
iq2kxikN,0.02521402297,-0.258081497673,0.173719839537,-0.0859208666326,-0.620844640047
iuZEDJK7,-0.43933613342,-0.18942706693,-0.19682278021,-0.657380678364,0.586881678216
iyF8gVT7,-0.432566109286,0.174169085369,-0.267635572564,-0.646580965782,0.675379289107
j06qdQ0V,-0.372462146612,-0.245378411376,0.00771726019535,-0.362008024333,0.072287921416
j7hl8svO,-0.0471733059747,-0.255115806841,-0.0518936949351,0.864979120426,-1.11928866896
j8hMoJUN,-0.287093188193,-0.128874701993,-0.143681769041,-0.616189974321,0.0206807816549
jNaFasbV,-0.320174374693,-0.251289234641,-0.641913374103,0.247813985273,-0.710675005831
jVVHeYHT,-0.147664218946,-0.0400439724088,0.524204639043,-0.489556832484,0.551652673439
jXm4ySvK,-0.362748131481,-0.0820058513412,0.0864018809194,-0.384270159064,0.618561611492
juO5ii5l,-0.028024243763,0.330587032316,0.787188731954,-0.469916557212,-0.0106834950635
k2hdEBsU,-0.422235877316,-0.1630834524,0.175152230122,-0.538175372105,1.17571819701
k3ynMfhN,-0.0275964864535,-0.0894495013271,0.315061878638,-0.373951490025,0.117294700003
k9C9yBtr,0.0458741759568,0.180178533611,0.566996114627,0.0812389754354,-0.73599780638
kAKRvcRo,-0.370668654555,0.206718115834,-1.0753329735,0.36198597001,-0.570935940791
kBi3R2oC,-0.247429800025,-0.203240255756,0.0239427938763,-0.262189740214,-0.29929571994
kDWmnsXe,-0.321042849405,-0.228556008835,-0.0239411522274,-0.45158074038,-0.297488329632
kSGBd2Vh,-0.44502927811,-0.164332351131,-0.522600197519,-0.674926180663,0.757528095044
kT0miHPT,-0.404173657458,-0.198460129413,-0.0335549102858,-0.451469961251,0.214545499849
kaW0TfRn,-0.366812935859,-0.234987172236,-0.621726750965,-0.42616963816,-0.104149869612
kmg3SowO,-0.370471481881,-0.190568455484,-0.781523321,0.263921512047,0.0726354474674
kpxKSlnF,0.818171421297,0.147876379469,1.16604098998,0.520831150244,-0.284071685026
ku2cn1MV,0.417350434276,-0.25196209468,1.45662715531,-0.121081014909,-0.421147345241
l1su5HU9,-0.267906636058,-0.099107039968,0.165786555982,-0.460081585511,0.229521417792
l8Tg2RvD,-0.103550436973,0.0631674671968,0.674405191979,-0.426499362874,0.361201065671
lB6NsVOc,-0.43538303235,-0.22775857375,0.103017871436,-0.674035504528,0.748084877978
lEcdVyKk,-0.473115409853,-0.0465098473586,-0.39868257331,-0.479655473591,0.884083004179
lH4TasGl,0.102353633083,0.0598603265281,1.20074418428,-0.408370973219,-0.567237208988
lO9aggHW,-0.240567713933,-0.0158110612006,0.111713455402,0.380201651755,-0.2160605148
lW3m9Vzu,-0.402212156252,-0.168739461259,-0.648185840625,-0.0879590251198,-0.408773998211
lYLseGDP,0.480564320809,-0.191799283103,1.06077851454,-0.321732565196,0.561200731694
lcOnCdZi,-0.0756078046211,0.206132182223,1.39110750868,-0.557026163743,-0.245209207125
le9YGwON,-0.0554430756031,0.0960035574583,0.106883681605,-0.242217587026,-0.307841138844
llMvu3TX,1.30970172067,0.764623667116,1.7401472391,-0.489015958333,-0.129317985931
lnHh2jFO,0.00600184630175,0.176006432907,1.58395130611,-0.631821483961,-0.246394284027
m07CVXd4,-0.392646147134,0.0317262016917,-0.203191704977,-0.660204776422,0.920224087396
m1lPk91z,-0.302436255742,-0.189060137559,0.478563597217,-0.641065595755,0.881006685917
m9IQdmwa,-0.426362887129,-0.190736745177,0.0389164505791,-0.562338714554,0.517812216837
mG9BRy5x,-0.377678029265,0.871423844202,-0.167239799132,-0.229847879794,0.0195652455052
mVHXnama,-0.104028109642,0.115202341773,0.252284419141,-0.428594920034,0.821660064974
mXyrR6nU,-0.356543411538,-0.247133834161,-0.149634779932,-0.492336677579,0.714415045938
mbzNdxNc,-0.36538683117,-0.23727347976,-0.683603303253,0.15384524995,-0.377469226765
mntH7g3L,0.0341828680919,0.947623850169,1.54321079966,-0.442274312487,-0.171297673957
msRTXP3H,-0.356050108112,-0.102221289915,0.130884015769,-0.37681604376,0.265996761592
mxBjvIPR,-0.394742482986,-0.252759025646,-0.0506132833985,-0.605733934535,0.121460658955
n8Opmfbz,0.558989059493,2.51428054988,1.95636303142,1.46283060245,-0.618210970601
nOkgU29Q,-0.344466797556,-0.136223974132,-0.107054100884,0.454220002864,-0.582967630513
nhttf7VM,0.0389525214429,0.207175083741,0.420701407802,0.107354726459,-0.229854594176
njLbXYa3,-0.350922961376,-0.318642876202,-0.196364405279,-0.443797049176,-0.449275690053
nwkIpzmh,0.0825663094002,0.02430961053,1.07439443382,-0.372449600136,-0.718544236479
nzB1R9Zg,0.116758651566,0.118396026715,1.58257946105,-0.334849363954,-0.253663030607
o1rZRI84,-0.377393940638,-0.0747534461051,-0.705766878177,-0.254164790616,-0.203491428264
o7q5Mbty,-0.103089832184,-0.199967941436,-0.0102641008185,0.183074394342,-0.706721291266
oCBvysqB,-0.403146729463,-0.262014688809,-0.735175101784,-0.204400952817,-0.760282751673
oDmycTPH,-0.369355588215,-0.0264892532806,0.124404786848,-0.737326614448,1.35250886065
oFAXZvQv,-0.434326090733,0.069900115351,-0.382020732295,-0.142991801811,-0.22359588891
oHE3M1zX,-0.369855350013,-0.0687160330158,-0.715949380952,0.532897526999,-0.217775326725
oMhVmSpV,-0.445257988233,-0.130448332308,-0.665132728862,-0.317757927771,-0.239561064195
oNsDqVbi,0.258296908699,1.05553492454,1.37684206709,-0.478676892813,-0.489560445099
oYAJqQk8,-0.302655214421,-0.0878688273642,0.173441833743,-0.61973181379,0.806503675716
ob5Kb6dW,-0.481734704561,-0.00807268765801,-0.320930323126,-0.510213026056,1.01524842735
obnzqs79,-0.185321543522,0.0314220867985,0.246738101149,-0.551659391231,0.834751834228
oncLcgRP,-0.398554344131,-0.196798231963,-0.810487280579,-0.0208377103117,-0.139604389856
ooWVYaAe,-0.373371551095,0.933365737871,-1.10761043905,0.810602972186,-0.522131370918
osdyOUnV,-0.351135556804,-0.0382161308893,-0.116015521929,0.642496107803,0.0590493698297
p7H9CzCv,-0.179122717945,0.394454594185,0.00896443309534,0.746557102806,-0.419409731843
p7U9hVhY,-0.414957181992,-0.144154201978,-0.112036974844,-0.497712841829,0.780323274624
pE6Cf1RV,-0.326256111474,-0.0421378199148,-0.194218697088,-0.592341568743,0.572956067463
pI7qzotI,0.0442271543589,0.0729969250717,0.324385713896,0.0254931340119,-0.43403878116
pJrIA4sk,-0.309265931654,-0.315423029361,0.0614455830768,-0.645954992315,-0.321125452939
pXne2CLZ,-0.35544539108,0.903211552577,-1.08987442043,1.91121924315,-0.628198510882
pZMcDIOS,-0.423719210983,-0.0173394810388,0.227886306467,-0.683459779547,0.332279819091
pavfp3cc,0.0253147229901,-0.20367813329,-0.0136911514303,0.101091529914,-0.746006535465
pbQdC5L3,-0.385538748582,-0.240165972918,0.104562411465,-0.458729889394,0.157067738701
pgj7aAFP,-0.354898342497,-0.0260396573298,-0.585127974569,-0.372023237506,0.258519731029
pxg8G3ed,-0.252874847981,0.235418269499,-0.308227262062,0.194078531668,0.744736819121
q36Npk6l,-0.372858341279,-0.268454759799,0.22038879675,-0.558030262636,0.947219706663
q4aDOVvq,0.20560105466,0.00766728998926,0.201677498809,0.239009311655,-0.962913144374
qGmfR9CN,-0.263492295384,-0.0438288529785,-0.144195497167,0.570408227941,-0.633313024269
qJ51ODpA,-0.396567197136,0.0147966571403,-0.859019683699,0.294556739385,-0.0784970712971
qQX3cs3I,-0.00295003271818,-0.0810221976576,0.457557708025,-0.276630017999,-0.653599744347
qXeIxPb8,-0.421435764938,-0.1038549937,-0.145831729653,-0.477085178761,0.726477086287
qYQ4MShM,0.00656062899765,-0.105506983685,0.0790785107948,0.218495151926,-1.03038410375
qa0etnhK,-0.0525161737189,-0.195120689771,0.198806162032,0.0758581566835,-0.850437453552
qbL4sboq,-0.0493089726016,-0.174398961367,0.253085569783,-0.415832388873,0.107729097443
qbYrsWHq,0.268377321393,1.05173513632,1.97597025922,-0.253871201365,0.0351954552775
r1zmcUqQ,-0.116344225648,0.166478935523,0.0245537951243,-0.275835564491,-0.720593681678
r54iHeQC,-0.443220211115,-0.154859436768,-0.201049693308,-0.660386045186,0.829730853251
r6xrAnQV,1.46186843909,1.78224127259,2.03525603251,0.238421174248,-0.0351681741416
r9HxnQDg,-0.228720243468,-0.0869718666897,0.5041087963,-0.407659576031,0.326166102474
rG8Puuf9,0.563190366863,-0.113172805479,1.15855793758,0.388565050008,-0.619524454973
rGuiefuR,-0.349655126544,-0.279095390988,-0.801012381066,0.224863737867,-0.746769041214
rJ19OhGP,-0.455131617506,0.10332375618,-0.261094258733,-0.575319899776,0.952542234578
rOCYepHd,0.0565008664062,0.137106953555,0.768004081441,-0.388499625065,-0.659218607404
rQJaOPFI,-0.331125719502,-0.185616753717,0.0494580204736,-0.348083233688,-0.168067281517
rQhZtZeh,-0.370294379941,-0.016248972465,-0.268879449219,-0.438016375808,0.519920760186
rapmok0w,-0.325983942982,-0.177487118327,-0.903699545127,0.274567781838,-0.0757767108205
rgzfnPVu,-0.0183762231566,-0.195416649869,0.743277354143,-0.469556408013,-0.191696031479
ri4qhb1S,-0.2252393411,-0.293881693989,0.158684655125,-0.644635797411,0.0633573629725
rqpFYzff,-0.403034052274,1.0367007943,-0.248278303027,-0.400207789866,-0.0513905107431
rrs22coX,-0.40562441913,-0.196044317353,0.0569988487221,-0.47806179136,0.926603328072
sEeUCQLc,-0.452259347804,-0.090787621392,-0.361014892157,-0.417647690252,0.522085438684
sHScwqQl,-0.459908663693,0.0258184504011,-0.322508215254,-0.66720446079,0.827166283348
sNC7DiAt,-0.393165332173,-0.0868846096338,0.0391828698653,-0.53031496534,0.221252034642
sNK2TSs3,-0.427876141655,-0.226837989744,0.0378393333137,-0.496886919493,0.951635964052
sO7Su6uw,-0.352826908921,-0.177815023868,-0.416924914019,0.231186099103,0.0451578038231
sOWZx89o,-0.438614573498,-0.130236304543,-0.323568376297,-0.669482570494,0.438797319431
sPbRcPjC,-0.0522277917382,-0.0502543855123,0.173254048554,0.060318263459,-0.476573327889
scVUfTKI,0.220350367985,1.65435356618,0.350229765914,0.754837601258,-0.889834854164
seRaGeVv,-0.178174941309,-0.187091052922,0.284016914492,-0.448612950612,0.176958414315
sgtwiYWi,-0.408739452513,-0.176804564728,-0.745865645626,-0.0338909415396,-0.394099483916
sjmLHcT6,-0.163730952205,0.338714688692,0.119425759311,-0.56753479198,0.915033125457
skZUZZGS,-0.28139300239,0.546768396895,0.0904800749962,-0.202822313619,0.0424147352593
suAmzADX,0.36608505953,0.328250469664,-0.841783337777,2.60073581945,-0.609639727927
t4GWLqlO,0.546901481583,-0.186619539906,1.22003751017,-0.199321697283,-0.520470212659
t7gy6Jyy,-0.0942359266162,-0.240811618327,-0.139823035374,-0.194441952365,-0.292384856756
tBadzH60,0.958608417508,0.52542516045,1.85817010038,-0.243249839107,-0.612647076475
tXUWm0hp,-0.301045335562,0.111792040309,-0.904413603877,0.541533131089,-0.353296888378
te6UPPxf,-0.422078026613,-0.115071208041,-0.656939370479,0.00570657139624,-0.568203609079
ti2lamkL,0.14060033921,0.170598348324,0.687422408763,-0.190151985647,-0.68401136147
tr0lpwuU,-0.0259785715246,0.462657293886,-0.908894243963,2.91407963566,-0.642118100538
ttdB5C73,-0.228899906551,-0.184289758292,-0.0590902795855,-0.28312798729,-0.0919604187849
twS8YZu9,-0.403598039309,-0.128032747001,-0.338864524157,-0.404669422467,0.181069705111
tx68W34H,-0.325596091568,-0.195236302013,-0.6902431073,0.637625990097,-0.687490206865
tyQSX4mY,-0.158101426086,-0.202454029456,0.600138964137,-0.664946216344,0.0707317029177
tylKCRc0,-0.380480615715,-0.283898101109,-0.036491138331,-0.607489279926,0.136228680148
u1544WUo,-0.297406155808,-0.311396650765,0.155017756294,-0.404230365909,0.0374355382552
uAw9an0d,0.118988321106,0.210183506645,0.0397573033372,0.18775095388,-0.27802454627
uLZAEXMG,1.68615992546,0.910487947106,1.8677154315,0.309064833955,-0.723076041653
uMwe1s7I,-0.341952235697,0.0911387201193,-1.04771673907,0.84939258347,-0.592807218557
ufhGeV3q,-0.409405139664,-0.22666585758,-0.0850015561443,-0.594971914848,0.168266515478
uhAeGBHo,-0.198858183446,0.11872448182,-0.016166584716,0.782936301207,-0.472134946033
ujHNlqpw,1.26800194646,1.68058407095,1.4029793543,0.973153495443,-0.530600236037
ulV6kuhB,-0.422978400049,-0.0169842381244,-0.38528529193,-0.54418908532,0.783758649895
uohEnNEK,-0.38797841177,0.513660535594,-1.127508476,0.687385001456,-0.666385473336
v1lhA8I4,-0.447442504959,-0.0867174997929,-0.142437328214,-0.695090457415,0.95968912341
v3JzigLI,-0.213670042033,0.242633508108,0.292037558244,-0.569637993657,0.818492288361
v5IwjyIg,-0.400551135504,0.157343140419,-0.646636314415,-0.128700384703,-0.509264326361
v6lp5TK1,-0.320566736427,-0.195686680599,0.344106586442,-0.670823279034,0.84393943945
v8vOaaWq,-0.439012377323,-0.147121177163,-0.895810639428,0.126543273048,0.276731737544
vAYKtoil,-0.362244274295,-0.200902049971,-0.468467927977,0.0685096866265,-0.823202628657
vGTNQa6G,1.81081741073,0.209572614492,1.65770192335,1.50964651492,-0.558356166848
vQzNxHoL,-0.409343809977,-0.158405453689,-0.697992745299,-0.0898991281893,-0.756867638231
vfZGBUJm,-0.320212129704,-0.260356515716,0.133999610069,-0.345013738315,-0.307547540726
vlooVUoT,-0.346535434494,0.118906404578,-0.00810475366914,0.448016060563,-0.420037826093
vrACvd4O,-0.275992949865,-0.174640076152,0.0549654078027,-0.10713809332,-0.439907671288
w8hdjLwb,-0.296324822706,-0.0582273150521,0.125088065457,-0.466026447915,1.08352635209
wAntv4gH,-0.10337150608,0.513060879227,1.84026058793,-0.441449025885,0.257641150174
wIUL09q0,-0.270725928255,-0.305714377238,0.148027148523,-0.592892406012,0.790848355027
wOzx7Fgz,-0.365039753506,-0.300263626612,-0.210997057227,-0.558099381398,-0.110791026735
wPhjhCJQ,-0.456827254221,-0.0363777341127,-0.258083821,-0.603753653216,1.042191157
wQSWWmYB,-0.281462765993,-0.237018784885,0.386923008873,-0.451879456768,0.141060954167
wdIMrXwy,0.995848158814,0.688535027394,1.70121602227,-0.468430635981,-0.236258405944
wiL9npQc,-0.411982839131,-0.0659313446797,-0.247549382847,-0.660545114292,0.572447197423
wnU95Cxn,0.924907508267,1.68718461309,1.6631148237,-0.300020248116,-0.523646732193
wpJbbjJs,0.050685129875,0.412182985739,0.395938123647,-0.0689385593491,-0.661842662009
wsOWTAbI,0.108337627603,-0.25664387832,0.377230027552,0.794539801501,-0.561578079511
wtdBcU3U,-0.254232558558,0.141763939232,0.238756780282,-0.52012907008,0.573088389949
wuKXVxOc,-0.468705937753,-0.115855816497,-0.443497961179,0.104520127082,0.595764040713
wyzadAt8,-0.442834976426,0.0789362369748,-0.611158098267,-0.548867030252,0.595971750164
wzaKzYwi,-0.325535535346,0.176998256827,0.292750689642,-0.591761323706,0.517676451414
x6GCk4EV,-0.411805591721,-0.107317899973,-0.134048461732,-0.542296278891,0.701914509557
x6lUi3vf,-0.00939181355342,-0.0906212708839,0.127753367049,0.754164849478,-1.03448088051
x8mwDHv9,-0.388046553223,-0.25092041843,-0.0251887126424,-0.511065408141,0.304028837452
xIYm6puH,0.228846689719,0.736081117427,0.233996016134,0.495021833893,-1.0167101751
xO6UdpsK,0.113824157217,0.881511025235,0.131738102312,0.222560531488,-0.496531597773
xQ2bkOvj,-0.335346266173,0.840346313797,-1.10197392836,0.623611505115,-0.646011877374
xeXyDCEQ,1.90630586796,0.0151115421997,1.79316236325,1.33434753754,-0.980664405577
xrggHziO,-0.251360403368,-0.12017810519,0.0316823745031,-0.263043650118,-0.339867890176
y1WMCmqQ,-0.384315141643,-0.197951818463,-0.886168364647,-0.31509767461,0.494548845262
yDngezhM,-0.179243447237,-0.122079753373,-0.107123745505,-0.581073965458,0.279989869623
yLiFjMD0,-0.272287088719,0.299718927488,0.0152066814202,-0.620919391948,0.737990787808
ySwEBO7w,-0.421846514647,-0.252468122394,-0.535667606645,-0.0793352764201,-0.645726619889
ydC9UsSm,-0.420206870777,-0.0806284304446,-0.705501027822,0.2437490248,0.400724705134
ydEG4VBd,-0.276242209212,-0.232374437041,-0.396102300262,-0.183226050138,0.64723277334
yf76yWXc,0.0198885601344,1.95697793009,1.74076095497,-0.35432673376,-0.448881462816
yg70e63n,-0.180638886634,-0.238472224962,0.137271817803,0.199256497476,-0.380526721061
ywxtlSKv,-0.368326640005,-0.27192078213,-0.697887982003,-0.0319813388904,0.0771405668448
yzKPQPOR,-0.354009815513,-0.00902562001096,-1.08873297085,1.7614749146,-0.565376228266
z5cnOnZ1,-0.342063760953,-0.326196654337,-0.105088816242,-0.327329075272,-0.526507666975
zFLkOE0e,0.0777736731966,0.219647172061,0.296683823979,0.34814865879,-0.7640405795
zGi72mxL,-0.1050803995,-0.19616006645,-0.124052298498,0.514265251498,-0.62096877718
zN925UV3,-0.235833540515,-0.120133775675,-0.0119116982104,0.427120699931,-0.739135214566
zTy2ih7e,-0.469179994947,-0.179782954381,-0.463940389856,-0.238758372794,0.491149572208
zVFzAutw,-0.340407189528,0.145461726971,-0.188659619532,-0.404312448529,0.410259431005
zYxNAkht,-0.266321367523,0.239581055303,-0.0566134097967,-0.669759265042,1.09735997022
zaWDBai3,-0.314388051918,0.218677410165,-0.0894648412995,0.254303586097,0.513424365507
zg3u0Zsx,-0.149118249636,0.0133907156332,0.149747098524,-0.4696829925,-0.11663190913
zlwLfdsS,-0.365793653052,0.476724173666,-1.02113871288,1.63961038688,-0.49191015299
zmbKzVfl,-0.351097364123,-0.0995444641057,-0.486684893951,0.212280409534,0.271726328202
